lambda_mle	0
S_size	3
remaining_gxe	NA
classification	scale-dependent
rule	max_score_in_S
lambda_selected	0.25
valid_lambda_min	-1
valid_lambda_max	1.25
n_lambda_valid	10
w_env	0.3964
sigma2_g_env0	0.646338
sigma2_g_env0_se	0.104932
sigma2_g_env1	0.451421
sigma2_g_env1_se	0.0429952
rho_g	0.832864
rho_g_se	0.14827
h2_g_env0	0.575937
h2_g_env0_se	0.0907706
h2_g_env1	0.493934
h2_g_env1_se	0.0458444
p_amp	0.0856396
p_rho	0.259641
min_z_sigma2_g	6.15959
lambda_observed	1
p_amp_at_observed	0.00221276
p_rho_at_observed	0.282836
min_z_sigma2_g_at_observed	4.97851
weak_sigma2_g_at_observed	False
