phenotype	lambda	gamma_bin0	gamma_bin0_se	sigma2_g_env0_bin0	sigma2_g_env0_bin0_se	sigma2_g_env1_bin0	sigma2_g_env1_bin0_se	sigma2_e_env0	sigma2_e_env0_se	sigma2_e_env1	sigma2_e_env1_se	rho_bin0_env0-1	rho_bin0_env0-1_se	h2_g_env0_bin0	h2_g_env0_bin0_se	h2_g_env1_bin0	h2_g_env1_bin0_se	h2_e_env0	h2_e_env0_se	h2_e_env1	h2_e_env1_se	pval.rho	pval.sigma.diff	pval.h2.diff
0	-1	0.331236	0.0352552	0.283483	0.0410573	0.603019	0.0595077	0.161231	0.0396452	0.75904	0.0580255	0.623515	0.0985476	0.637257	0.0895941	0.443934	0.0426941	0.362743	0.0895941	0.556066	0.0426941	0.000133268	9.88105e-06	0.0514269
1	-0.75	0.372156	0.0401049	0.358403	0.0524584	0.602634	0.0556162	0.198841	0.0506289	0.685213	0.0540551	0.678372	0.108696	0.642978	0.0912827	0.469158	0.0421004	0.357022	0.0912827	0.530842	0.0421004	0.00308662	0.0014006	0.0837825
2	-0.5	0.406133	0.0450202	0.436968	0.0648946	0.584719	0.0522218	0.246061	0.06262	0.620258	0.0506524	0.728918	0.119492	0.639556	0.092082	0.486476	0.0422014	0.360444	0.092082	0.513524	0.0422014	0.0232916	0.0760993	0.130718
3	-0.25	0.430685	0.0494155	0.514626	0.0780099	0.551656	0.0491438	0.30612	0.0752916	0.562652	0.04763	0.773014	0.130196	0.626826	0.092109	0.49629	0.0429503	0.373174	0.092109	0.50371	0.0429503	0.0812602	0.68796	0.198996
4	0	0.443689	0.0526641	0.586157	0.0914468	0.506171	0.0461387	0.381947	0.0883245	0.511166	0.044733	0.808382	0.140021	0.605268	0.0915753	0.498769	0.0442191	0.394732	0.0915753	0.501231	0.0442191	0.171157	0.434858	0.294977
5	0.25	0.443746	0.0542659	0.646338	0.104932	0.451421	0.0429952	0.4755	0.101488	0.464778	0.0417363	0.832864	0.14827	0.575937	0.0907706	0.493934	0.0458444	0.424063	0.0907706	0.506066	0.0458444	0.259638	0.0856402	0.420018
6	0.5	0.430526	0.05398	0.690744	0.118342	0.390965	0.0395872	0.587189	0.114701	0.422561	0.0384998	0.844718	0.154477	0.540308	0.0900196	0.481803	0.047656	0.459692	0.0900196	0.518197	0.047656	0.314793	0.0162919	0.565705
7	0.75	0.40495	0.0518949	0.716447	0.131704	0.328547	0.0358886	0.715583	0.128014	0.383626	0.0349834	0.842908	0.158542	0.500091	0.0896176	0.462547	0.049491	0.499909	0.0896176	0.537453	0.049491	0.321755	0.00448841	0.713815
8	1	0.36914	0.0484178	0.722422	0.145108	0.267736	0.0319614	0.857491	0.141522	0.347167	0.0312361	0.827298	0.160807	0.457046	0.0897602	0.436615	0.0511991	0.542954	0.0897602	0.563385	0.0511991	0.282837	0.00221269	0.843273
9	1.25	0.326116	0.0441836	0.709565	0.158562	0.211536	0.0279293	1.0084	0.15521	0.312555	0.0273707	0.798719	0.16206	0.412823	0.0904944	0.404804	0.0526489	0.587177	0.0904944	0.595196	0.0526489	0.214232	0.00197945	0.938943
10	1.5	0.279336	0.039902	0.680345	0.17188	0.162086	0.0239466	1.16312	0.168851	0.279432	0.0235342	0.758895	0.163421	0.368863	0.0917143	0.368249	0.0537379	0.631137	0.0917143	0.631751	0.0537379	0.140116	0.00282287	0.995388
11	1.75	0.232175	0.0361754	0.638245	0.184666	0.120528	0.0201683	1.3165	0.182004	0.247748	0.0198776	0.710248	0.166149	0.326325	0.0932047	0.328355	0.054406	0.673675	0.0932047	0.671645	0.054406	0.0811713	0.00532046	0.984991
12	2	0.187482	0.0333421	0.587137	0.196397	0.087068	0.0167237	1.46407	0.19411	0.217709	0.0165294	0.655626	0.17144	0.286068	0.0947095	0.286678	0.0546455	0.713932	0.0947095	0.713322	0.0546455	0.0445675	0.0111798	0.995546
